<?xml version="1.0" encoding="UTF-8"?>
<beans xmlns="http://www.springframework.org/schema/beans"
       xmlns:xsi="http://www.w3.org/2001/XMLSchema-instance" xmlns:p="http://www.springframework.org/schema/p"
       xmlns:tx="http://www.springframework.org/schema/tx" xmlns:context="http://www.springframework.org/schema/context"
       xmlns:aop="http://www.springframework.org/schema/aop" xmlns:jee="http://www.springframework.org/schema/jee"
       xmlns:util="http://www.springframework.org/schema/util" xmlns:lang="http://www.springframework.org/schema/lang"
       xmlns:jdbc="http://www.springframework.org/schema/jdbc" xmlns:jpa="http://www.springframework.org/schema/data/jpa"
       xmlns:task="http://www.springframework.org/schema/task"
       xsi:schemaLocation="http://www.springframework.org/schema/beans http://www.springframework.org/schema/beans/spring-beans-3.2.xsd
		http://www.springframework.org/schema/tx http://www.springframework.org/schema/tx/spring-tx-3.2.xsd
		http://www.springframework.org/schema/context http://www.springframework.org/schema/context/spring-context-3.2.xsd
		http://www.springframework.org/schema/aop http://www.springframework.org/schema/aop/spring-aop-3.2.xsd
		http://www.springframework.org/schema/jee http://www.springframework.org/schema/jee/spring-jee-3.2.xsd
		http://www.springframework.org/schema/util http://www.springframework.org/schema/util/spring-util-3.2.xsd
		http://www.springframework.org/schema/lang http://www.springframework.org/schema/lang/spring-lang-3.2.xsd
		http://www.springframework.org/schema/jdbc http://www.springframework.org/schema/jdbc/spring-jdbc-3.2.xsd
		http://www.springframework.org/schema/data/jpa http://www.springframework.org/schema/data/jpa/spring-jpa.xsd
		http://www.springframework.org/schema/task http://www.springframework.org/schema/task/spring-task-3.2.xsd">

    <description>Spring公共配置</description>

    <!-- 扫描加载除了@Controller以外的组件 -->
    <context:component-scan base-package="com.github.miemiedev.smt">
        <context:exclude-filter type="annotation" expression="org.springframework.stereotype.Controller"/>
    </context:component-scan>

    <bean id="sqlSessionFactory" class="org.mybatis.spring.SqlSessionFactoryBean">
        <property name="dataSource" ref="dataSource"></property>
        <property name="configLocation" value="classpath:mybatis-config.xml"></property>
        <property name="mapperLocations" value="classpath*:com/github/miemiedev/smt/**/*.xml" />
        <property name="typeAliasesPackage" value="com.github.miemiedev.smt.entity" />
        <property name="typeAliases" value="org.springframework.util.LinkedCaseInsensitiveMap" />
    </bean>
    <bean class="org.mybatis.spring.mapper.MapperScannerConfigurer">
        <property name="basePackage" value="com.github.miemiedev.smt.repository" />
        <property name="annotationClass" value="com.github.miemiedev.smt.repository.MyBatisRepository"/>
    </bean>


    <!-- 定义事务管理器 -->
    <bean id="transactionManager" class="org.springframework.jdbc.datasource.DataSourceTransactionManager">
        <property name="dataSource" ref="dataSource" />
    </bean>

    <!-- 使用annotation定义事务 -->
    <tx:annotation-driven transaction-manager="transactionManager" proxy-target-class="true" />

    <!-- production环境 -->
    <beans profile="production">
        <context:property-placeholder ignore-resource-not-found="false"
            location="classpath*:/application.properties" />

        <!-- 数据源配置,使用应用内的C3P0数据库连接池 -->
        <bean id="dataSource" class="com.mchange.v2.c3p0.ComboPooledDataSource">
            <property name="driverClass" value="${jdbc.driver}" />
            <property name="jdbcUrl" value="${jdbc.url}" />
            <property name="user" value="${jdbc.username}" />
            <property name="password" value="${jdbc.password}" />
        </bean>
    </beans>
</beans>