﻿<?xml version="1.0" encoding="UTF-8"?>
<configuration>
    <jmxConfigurator />

    <appender name="console" class="ch.qos.logback.core.ConsoleAppender">
        <encoder>
            <pattern>%d{HH:mm:ss.SSS} [%thread] %-5level %logger{36} - %msg%n</pattern>
        </encoder>
    </appender>

    <appender name="rollingFile" class="ch.qos.logback.core.rolling.RollingFileAppender">
        <file>logs/quickstart.log</file>
        <rollingPolicy class="ch.qos.logback.core.rolling.TimeBasedRollingPolicy">
            <fileNamePattern>logs/smt.%d{yyyy-MM-dd}.log</fileNamePattern>
        </rollingPolicy>
        <encoder>
            <pattern>%d{HH:mm:ss.SSS} [%thread] %-5level %logger{36} - %msg%n</pattern>
        </encoder>
    </appender>

    <appender name="businessLogFile" class="ch.qos.logback.core.rolling.RollingFileAppender">
        <!-- 按每小时滚动文件，如果一个小时内达到10M也会滚动文件, 滚动文件将会压缩成zip格式 -->
        <rollingPolicy class="ch.qos.logback.core.rolling.TimeBasedRollingPolicy">
            <fileNamePattern>logs/smt-%d{yyyy-MM-dd_HH}.%i.zip</fileNamePattern>
            <timeBasedFileNamingAndTriggeringPolicy class="ch.qos.logback.core.rolling.SizeAndTimeBasedFNATP">
                <maxFileSize>10MB</maxFileSize>
            </timeBasedFileNamingAndTriggeringPolicy>
        </rollingPolicy>
        <!-- 独立的pattern -->
        <encoder>
            <pattern>%d{HH:mm:ss.SSS},%msg%n</pattern>
        </encoder>
    </appender>

    <!-- project default level -->
    <logger name="com.github.miemiedev.smt" level="DEBUG" />
    <logger name="org.mybatis.spring.SqlSessionFactoryBean" level="DEBUG" />



    <!--log4jdbc -->
    <!-- <logger name="jdbc.sqltiming" level="INFO"/> -->

    <root level="WARN">
        <appender-ref ref="console" />
        <appender-ref ref="rollingFile" />
    </root>
</configuration>