<?xml version="1.0" encoding="UTF-8"?>
<!DOCTYPE configuration
        PUBLIC "-//ibatis.apache.org//DTD Config 3.0//EN"
        "http://ibatis.apache.org/dtd/ibatis-3-config.dtd">
<configuration>

    <settings>
        <setting name="cacheEnabled" value="false" />
        <setting name="lazyLoadingEnabled" value="false" />
        <setting name="aggressiveLazyLoading" value="false"/>
    </settings>


    <plugins>
        <plugin interceptor="com.github.miemiedev.mybatis.paginator.OffsetLimitInterceptor">
            <property name="dialectClass" value="com.github.miemiedev.mybatis.paginator.dialect.OracleDialect"/>
        </plugin>
    </plugins>
</configuration>