<?xml version="1.0" encoding="UTF-8" ?>
<!--
  ~ The MIT License (MIT)
  ~
  ~ Copyright (c) 2014 abel533@gmail.com
  ~
  ~ Permission is hereby granted, free of charge, to any person obtaining a copy
  ~ of this software and associated documentation files (the "Software"), to deal
  ~ in the Software without restriction, including without limitation the rights
  ~ to use, copy, modify, merge, publish, distribute, sublicense, and/or sell
  ~ copies of the Software, and to permit persons to whom the Software is
  ~ furnished to do so, subject to the following conditions:
  ~
  ~ The above copyright notice and this permission notice shall be included in
  ~ all copies or substantial portions of the Software.
  ~
  ~ THE SOFTWARE IS PROVIDED "AS IS", WITHOUT WARRANTY OF ANY KIND, EXPRESS OR
  ~ IMPLIED, INCLUDING BUT NOT LIMITED TO THE WARRANTIES OF MERCHANTABILITY,
  ~ FITNESS FOR A PARTICULAR PURPOSE AND NONINFRINGEMENT. IN NO EVENT SHALL THE
  ~ AUTHORS OR COPYRIGHT HOLDERS BE LIABLE FOR ANY CLAIM, DAMAGES OR OTHER
  ~ LIABILITY, WHETHER IN AN ACTION OF CONTRACT, TORT OR OTHERWISE, ARISING FROM,
  ~ OUT OF OR IN CONNECTION WITH THE SOFTWARE OR THE USE OR OTHER DEALINGS IN
  ~ THE SOFTWARE.
  -->

<!DOCTYPE mapper PUBLIC "-//mybatis.org//DTD Mapper 3.0//EN" "http://mybatis.org/dtd/mybatis-3-mapper.dtd" >
<mapper namespace="com.isea533.mybatis.mapper.CountryMapper" >
  <resultMap id="BaseResultMap" type="com.isea533.mybatis.model.Country" >
    <!--
      WARNING - @mbggenerated
    -->
    <id column="Id" property="id" jdbcType="INTEGER" />
    <result column="countryname" property="countryname" jdbcType="VARCHAR" />
    <result column="countrycode" property="countrycode" jdbcType="VARCHAR" />
  </resultMap>

  <select id="selectByCountryQueryModel" resultMap="BaseResultMap">
    select id,countryname,countrycode from country
    <where>
      <if test="countryname != null and countryname != ''">
        countryname like concat('%',concat(#{countryname}, '%'))
      </if>
      <if test="countrycode != null and countrycode != ''">
        and countrycode like concat('%',concat(#{countrycode}, '%'))
      </if>
      <if test="id != null">
        and id = #{id}
      </if>
    </where>

  </select>
</mapper>