<?xml version="1.0" encoding="UTF-8"?>

<!--
  ~ The MIT License (MIT)
  ~
  ~ Copyright (c) 2014 abel533@gmail.com
  ~
  ~ Permission is hereby granted, free of charge, to any person obtaining a copy
  ~ of this software and associated documentation files (the "Software"), to deal
  ~ in the Software without restriction, including without limitation the rights
  ~ to use, copy, modify, merge, publish, distribute, sublicense, and/or sell
  ~ copies of the Software, and to permit persons to whom the Software is
  ~ furnished to do so, subject to the following conditions:
  ~
  ~ The above copyright notice and this permission notice shall be included in
  ~ all copies or substantial portions of the Software.
  ~
  ~ THE SOFTWARE IS PROVIDED "AS IS", WITHOUT WARRANTY OF ANY KIND, EXPRESS OR
  ~ IMPLIED, INCLUDING BUT NOT LIMITED TO THE WARRANTIES OF MERCHANTABILITY,
  ~ FITNESS FOR A PARTICULAR PURPOSE AND NONINFRINGEMENT. IN NO EVENT SHALL THE
  ~ AUTHORS OR COPYRIGHT HOLDERS BE LIABLE FOR ANY CLAIM, DAMAGES OR OTHER
  ~ LIABILITY, WHETHER IN AN ACTION OF CONTRACT, TORT OR OTHERWISE, ARISING FROM,
  ~ OUT OF OR IN CONNECTION WITH THE SOFTWARE OR THE USE OR OTHER DEALINGS IN
  ~ THE SOFTWARE.
  -->

<!DOCTYPE generatorConfiguration
        PUBLIC "-//mybatis.org//DTD MyBatis Generator Configuration 1.0//EN"
        "http://mybatis.org/dtd/mybatis-generator-config_1_0.dtd">

<generatorConfiguration>
  <properties resource="config.properties"/>

  <context id="Mysql" targetRuntime="MyBatis3Simple" defaultModelType="flat">
    <property name="beginningDelimiter" value="`"/>
    <property name="endingDelimiter" value="`"/>
    
    <plugin type="${mapper.plugin}">
      <property name="mappers" value="${mapper.Mapper}"/>
    </plugin>

    <jdbcConnection driverClass="${jdbc.driverClass}"
                    connectionURL="${jdbc.url}"
                    userId="${jdbc.user}"
                    password="${jdbc.password}">
    </jdbcConnection>

    <javaModelGenerator targetPackage="${targetModelPackage}" targetProject="${targetJavaProject}"/>

    <sqlMapGenerator targetPackage="${targetXMLPackage}"  targetProject="${targetResourcesProject}"/>

    <javaClientGenerator targetPackage="${targetMapperPackage}" targetProject="${targetJavaProject}" type="XMLMAPPER" />

    <table tableName="%" >
      <generatedKey column="id" sqlStatement="Mysql" identity="true"/>
    </table>
  </context>
</generatorConfiguration>