<?xml version="1.0" encoding="UTF-8"?>
<!DOCTYPE mapper PUBLIC "-//mybatis.org//DTD Mapper 3.0//EN" 
"http://mybatis.org/dtd/mybatis-3-mapper.dtd">

<mapper namespace="com.github.miemiedev.smt.repository.UserDao">


    <resultMap id="userResult" type="User">
        <id property="id" column="user_id" />
        <result property="name" column="user_name" />
        <result property="realName" column="real_name" />
        <result property="email" column="email" />
        <result property="type" column="user_type" />
        <result property="state" column="user_state" />
        <result property="createDate" column="create_date" />
    </resultMap>


	<select id="get" parameterType="long" resultMap="userResult">
		select *
          from FP_USER_BASIC_INFO ubi
         where ubi.USER_ID = #{id, jdbcType=NUMERIC}
	</select>

    <select id="queryByDeptCode"  resultMap="userResult">
		select * from FP_USER_BASIC_INFO ubi where
		<if test="deptCode != null and deptCode != ''">
            branch_id = #{deptCode} and
		</if>
		 create_date &lt; #{createDate}
	</select>

    <select id="search" parameterType="map" resultType="LinkedCaseInsensitiveMap">
        select * from FP_USER_BASIC_INFO ubi
        <where>
            <if test="userName != null">
                user_name like '%'|| #{userName} || '%'
            </if>
            <if test="realName != null">
                and real_name like '%'|| #{realName} || '%'
            </if>

        </where>
    </select>
</mapper>